day,fired,sym,dir,gr,rr,atr,stop_atr,t1_atr,first,at,mfe_atr,mae_atr,heat_b4_1atr,w05,w10,res,dec
09-24,09:45,BANKNIFTY,S,C,1.72,155.99,0.94,1.62,STOP,10:09,1.21,0.94,0.94,STOP,NEITHER,1,PAPER_FILLED
09-24,09:45,AUBANK,S,A,17.08,7.69,0.16,2.78,STOP,09:45,0.22,1.77,,STOP,STOP,1,PAPER_FILLED
09-24,09:45,ADANIENT,S,A,10.92,12.77,0.34,3.72,STOP,09:48,4.81,0.58,0.58,STOP,T1,1,REJECTED_BOOK
09-24,09:45,ADANIGREEN,S,A,5.98,6.03,0.41,2.43,STOP,09:50,1.69,3.17,3.17,STOP,STOP,1,REJECTED_BOOK
09-24,09:45,INDIANB,S,A,2.81,3.44,1.38,3.88,NEITHER,,2.26,0.9,0.9,NEITHER,NEITHER,1,NO_INSTRUMENT
09-24,09:45,NAUKRI,S,B,2.33,12.54,0.8,1.86,T1,13:32,3.77,0.64,0.64,T1,T1,1,PAPER_FILLED
09-24,09:45,PNBHOUSING,S,A,8.28,7.66,0.31,2.54,STOP,09:46,3.66,0.54,0.54,STOP,T1,1,PAPER_FILLED
09-24,09:45,RELIANCE,S,A,3.85,3.76,0.44,1.69,T1,11:37,5.11,0.32,0.32,T1,T1,1,PAPER_FILLED
09-24,09:45,SBILIFE,L,A,519.5,12.29,0.01,4.23,STOP,09:45,0.61,2.69,,STOP,STOP,1,PAPER_FILLED
09-24,09:45,SHRIRAMFIN,S,A,7.01,5.5,0.66,4.66,STOP,09:58,1.93,1.69,1.69,STOP,STOP,1,REJECTED_BOOK
09-24,11:00,LEADMINI,S,A,3.0,0.22,0.45,1.36,T1,12:21,1.36,0.0,0.0,T1,T1,1,NO_INSTRUMENT
09-24,11:45,HAVELLS,L,A,9.02,4.7,0.55,4.99,STOP,12:08,0.34,2.92,,STOP,STOP,1,WALLET_HALTED
09-24,12:15,KAYNES,L,A,9.6,27.42,1.05,10.1,NEITHER,,1.93,0.77,0.05,NEITHER,NEITHER,1,NO_INSTRUMENT
09-24,12:45,INDUSTOWER,S,A,30.14,1.9,0.18,5.55,STOP,12:51,2.11,0.37,0.37,NEITHER,NEITHER,1,NO_INSTRUMENT
09-24,12:45,ETERNAL,S,A,20.74,1.44,0.66,13.69,NEITHER,,4.27,0.28,0.28,NEITHER,NEITHER,1,WALLET_HALTED
09-24,12:45,RADICO,S,A,5.3,21.27,0.44,2.33,T1,15:06,3.51,0.38,0.38,T1,T1,1,NO_INSTRUMENT
09-24,13:15,FEDERALBNK,L,A,3.57,1.78,0.39,1.4,STOP,13:44,0.5,1.37,,STOP,STOP,1,NO_INSTRUMENT
09-24,13:45,POLYCAB,S,A,14.12,28.19,0.31,4.43,STOP,14:08,1.28,0.78,0.78,STOP,NEITHER,1,WALLET_HALTED
09-24,13:45,MANAPPURAM,S,A,9.38,1.65,0.48,4.53,STOP,13:58,0.91,6.17,,STOP,STOP,1,NO_INSTRUMENT
09-24,13:45,OIL,L,A,4.3,2.06,0.49,2.09,NEITHER,,0.92,0.29,,NEITHER,NEITHER,1,WALLET_HALTED
09-24,13:45,SRF,S,B,1.99,9.71,0.71,1.41,STOP,15:12,0.68,1.36,,STOP,STOP,1,NO_INSTRUMENT
09-24,14:15,DRREDDY,S,A,3.74,5.15,0.98,3.67,NEITHER,,0.49,0.62,,NEITHER,NEITHER,1,WALLET_HALTED
09-24,14:15,NTPC,S,A,10.64,1.1,0.64,6.8,STOP,14:28,0.09,1.83,,STOP,STOP,1,NO_INSTRUMENT
09-24,14:15,PHOENIXLTD,S,A,57.71,13.33,0.06,3.68,STOP,14:18,1.94,0.08,0.08,NEITHER,NEITHER,1,WALLET_HALTED
09-24,15:15,TORNTPHARM,S,A,3.45,23.99,0.64,2.2,NEITHER,,0.0,0.0,,NEITHER,NEITHER,1,WALLET_HALTED
09-24,17:00,COPPER,L,A,9.12,3.3,0.97,8.84,n/a,,0.0,0.0,,,,1,NO_INSTRUMENT
09-25,09:45,LAURUSLABS,S,C,1.59,10.51,0.43,0.68,T1,09:45,2.97,0.11,0.11,T1,T1,30,MISSED_ENGINE_DOWN
09-25,09:45,LODHA,S,A,19.2,8.74,0.43,8.24,STOP,09:45,0.0,1.98,,STOP,STOP,30,MISSED_ENGINE_DOWN
09-25,09:45,TECHM,S,A,6.84,7.67,1.64,11.2,STOP,10:45,0.53,2.1,,STOP,STOP,30,MISSED_ENGINE_DOWN
09-25,09:45,ULTRACEMCO,S,B,2.25,45.76,0.78,1.76,STOP,09:45,0.35,3.08,,STOP,STOP,30,MISSED_ENGINE_DOWN
09-25,10:45,MOTHERSON,S,A,12.75,0.96,0.04,0.53,STOP,10:45,0.09,2.26,,STOP,STOP,30,MISSED_ENGINE_DOWN
09-25,12:16,AUROPHARMA,S,A,7.24,8.53,0.77,5.6,NEITHER,,1.1,0.25,0.25,NEITHER,NEITHER,30,NO_INSTRUMENT
